alpha,delta
0.01,0.005355242134357783
0.025,0.0031082592007130355
0.05,0.002118061973123333
0.075,0.0016933129141223754
0.1,0.0014313108724665464
