alpha,mu_max
0.001,0.026700881003739154
0.01,0.002692851183192481
0.025,0.0010802490909698817
0.05,0.0005406380875253299
0.075,0.00036003244323187366
0.1,0.0002693406721310562
