alpha,delta
0.01,0.414628764262309
0.025,0.16618904552476033
0.05,0.0828071556815335
0.075,0.05470617129043796
0.1,0.04045323106736579
