alpha,delta
0.01,0.6556587048336754
0.025,0.27691597537522666
0.05,0.144500775966154
0.075,0.09839506063369244
0.1,0.07448328413191094
