alpha,mu_max
0.001,0.03304594586381178
0.01,0.003776505059830709
0.025,0.0015961764413271779
0.05,0.0008332582374888615
0.075,0.0005697940036638142
0.1,0.0004348413411538945
