alpha,mu_max
0.001,0.02043511496360074
0.01,0.0028717545878513932
0.025,0.0013213103052426383
0.05,0.0007378943996423903
0.075,0.0005260419872622091
0.1,0.00041400805887660774
