alpha,delta
0.01,0.66204904257719
0.025,0.30628558034021314
0.05,0.17149404717918545
0.075,0.1217703431780552
0.1,0.09488781448642196
